,index,result,preprocessing_time,inference_time,translation_time,preprocessing_timeout,inference_timeout,belief_base,queries,query,inference_system,solver,optimizer
3055,4.0,False,0.0,223655.1,0.6,False,False,randomTest_100_120_16,,"(gtkupa|((!(hdswke;(lgqqmj,ngzray)));rwdldo))",c-inference,z3,rc2
3483,6.0,False,0.0,180922.3,0.6,False,False,randomTest_100_120_91,,"(((!mqxbdh),((hddlhj;mespgs);lwalgs))|(vifkza;(jysuxr;(qbmvpt,(!xcramf)))))",c-inference,z3,rc2
3098,3.0,False,0.0,110717.5,0.6,False,False,randomTest_100_120_24,,"(kfpzop|((!(!(!tzubcp))),((fyrrza,resgxy),((!iglvdl),lfnxmr))))",c-inference,z3,rc2
3478,1.0,False,165234.8,96415.6,3168.8,False,False,randomTest_100_120_91,,"(((((!(!(sreeig;kilxnq)));(!(dewate,acoqkl))),(ntkvkw;gthheh)),((!varmdi),kzjadc))|(hfkrye;wepmvo))",c-inference,z3,rc2
3517,10.0,False,0.0,90671.1,0.5,False,False,randomTest_100_120_94,,"((qyooux;kolfum)|((!tvmtue);((!(ztkccu;(sharlt,((gobfcx,(!axmsvj)),twbjep)))),((!cwfphi),ocfluz))))",c-inference,z3,rc2
3459,5.0,False,0.0,73517.5,0.6,False,False,randomTest_100_120_86,,"((((!cilbiy);hzawxz),oxwppn)|(xswxgv;qaovbn))",c-inference,z3,rc2
3364,2.0,False,0.0,60283.8,0.5,False,False,randomTest_100_120_75,,"(((gtgukf,nzaorp);wuhcld)|(mdgsny;(!gbfadm)))",c-inference,z3,rc2
3455,1.0,False,155751.6,59360.4,3196.9,False,False,randomTest_100_120_86,,"(((umbyeq;qltwvu),((gutapu;trjnrq),azamcc))|(rrdwwf;pujvmk))",c-inference,z3,rc2
3059,8.0,True,0.0,56451.3,0.4,False,False,randomTest_100_120_16,,"(jfnxom|(iircmk,(mvalqd,(pjlhlp,(!(pjvads;(bgjvrt;rohdue)))))))",c-inference,z3,rc2
3400,8.0,False,0.0,37290.3,0.8,False,False,randomTest_100_120_78,,"(((yhgumq;fhlgrc),(tmauoa,igrthd))|cxzgmh)",c-inference,z3,rc2
3096,1.0,False,196898.3,32844.5,3554.1,False,False,randomTest_100_120_24,,(qykpcl|(((!(mfvbzm;zzkuzq));(jkhhkg;cmiemm));(!iqjrms))),c-inference,z3,rc2
3458,4.0,True,0.0,30310.8,0.7,False,False,randomTest_100_120_86,,"((binkja;(eimwyd,((verryg,ammwuk);mfosaf)))|(oekgbc,uzcouj))",c-inference,z3,rc2
3387,5.0,False,0.0,27594.6,0.6,False,False,randomTest_100_120_77,,"(((!(!prbgso));(!qbxtmp))|(dqxmej,(pnexoo,(!ilbjoy))))",c-inference,z3,rc2
3052,1.0,False,179375.6,25815.7,4566.7,False,False,randomTest_100_120_16,,"(((!((!(klatka,(ydomnj,(!rtzkia)))),hdswke)),(qjxbjn,rphzfc))|((!stxdmh);(beoyfl,(ctqara,wpayui))))",c-inference,z3,rc2
3060,9.0,False,0.0,22926.300000000003,0.6,False,False,randomTest_100_120_16,,"(((wzuvpo,jqfadd),sxirqp)|(((!sqgdre);eidflk);(!(ynjnit;ioqftt))))",c-inference,z3,rc2
3393,1.0,False,53809.8,22734.0,2126.3,False,False,randomTest_100_120_78,,"((zwqina;gadjhl)|(((ohetfk,tmwume),((!kpgwgl);palhnp)),(!(gxkcms,(!(!(!(!wysvxj))))))))",c-inference,z3,rc2
3399,7.0,True,0.0,21294.0,0.6,False,False,randomTest_100_120_78,,"(((wngpqe,((pnjorx,((!ohetfk),yhgumq)),(kpgwgl;ylklct)));(!(ftuukv,nownsm)))|(vtvmjo;kxtsjy))",c-inference,z3,rc2
3042,1.0,False,287590.5,20893.300000000003,5768.400000000001,False,False,randomTest_100_120_15,,"(qbyqxg|((!(((uksiyf,(tlvncb;rtrcso)),kexijt);ekzncq)),((!qunqhq),(nxwtht;(alhgog;ordibp)))))",c-inference,z3,rc2
3509,2.0,False,0.0,17928.1,0.5,False,False,randomTest_100_120_94,,"(((!(!(((!ocfluz),rszeaq),ojodne))),xqactl)|kgnoka)",c-inference,z3,rc2
3144,7.0,False,0.0,15195.6,0.5,False,False,randomTest_100_120_30,,"(((((!hexhkb),(tkksyh;(!(yeebkw;doikuo)))),(!(!vvohrb)));(((gktwqt;uiabmf);tlvsgd),(!wprjwn)))|ixcxbg)",c-inference,z3,rc2
3369,7.0,False,0.0,15061.1,0.4,False,False,randomTest_100_120_75,,"((smzoci,ygmgwr)|(kuxfsc,(!mghcwz)))",c-inference,z3,rc2
2972,4.0,False,0.0,13023.4,0.6,False,False,randomTest_100_120_5,,"(jxyufe|((xhepbp;cvgfpk),(klvmyg;xggvpg)))",c-inference,z3,rc2
3223,1.0,False,17634.7,12667.0,1464.5,False,False,randomTest_100_120_52,,(xuyewu|(zonimj;(shckin;ooqoyx))),c-inference,z3,rc2
3482,5.0,True,0.0,12169.3,0.6,False,False,randomTest_100_120_91,,"((mszhdc;(sreeig;lwalgs))|(ntkvkw,jbqlyr))",c-inference,z3,rc2
3363,1.0,True,223071.3,11326.8,5410.1,False,False,randomTest_100_120_75,,"((rewapk;(pfpsek;(vxirja;onzfoo)))|((mghcwz,(!gtgukf));((!(!gifnhc));(wfjyhd;(vhavcn,uwgthb)))))",c-inference,z3,rc2
2971,3.0,True,0.0,10461.0,0.6,False,False,randomTest_100_120_5,,"(((!(!(!wzpqql)));(!(lgyabj,(krtmmi,upuypd))))|(ffgeda;(!(poakbv,yljlul))))",c-inference,z3,rc2
3514,7.0,False,0.0,9773.1,0.6,False,False,randomTest_100_120_94,,"((((xelxrz;vrpxxx),rpfbpn),(!(oekuxc;dkzfxo)))|((!(ottssw;mtjrcq));(((!ojtdos),(!bhlzoz));piuglv)))",c-inference,z3,rc2
2969,1.0,False,64685.90000000001,9168.8,2705.3,False,False,randomTest_100_120_5,,"(cznnkk|((tbhmwr,(vzaoxq;hkgyvz)),owdgqk))",c-inference,z3,rc2
3053,2.0,True,0.0,7698.1,0.9,False,False,randomTest_100_120_16,,"(ynjnit|((pjlhlp,((gcyddr;diudcm);(tnehww,(bxhwgz;(rdhbbm,wzuvpo)))));(!(kjswnr;npvbvo))))",c-inference,z3,rc2
3279,3.0,False,0.0,7531.200000000001,0.4,False,False,randomTest_100_120_61,,"(((!(hzuyok,mhiexv)),(!uwsjcz))|psjcyt)",c-inference,z3,rc2
3054,3.0,True,0.0,7272.3,0.7,False,False,randomTest_100_120_16,,((((ushvad;rohdue);sooxqj);(beoyfl;nthjvb))|zqrqsn),c-inference,z3,rc2
3508,1.0,True,290456.2,5955.8,6188.0,False,False,randomTest_100_120_94,,"(((((!gttapo);(!(ojodne;rfpcta)));zhwwgg);(ryarwb;(!vfjjph)))|((!umlyjl),mtjrcq))",c-inference,z3,rc2
3530,3.0,True,0.0,5768.0,0.5,False,False,randomTest_100_120_96,,"((((zfmkkf,myhalk);jvnwcx);usjwfs)|((!((!(!xstowd));(!(!djavcn))));(((!uxlqve),nbfwze);(gjsxko;(!oezqso)))))",c-inference,z3,rc2
3516,9.0,True,0.0,5698.2,0.5,False,False,randomTest_100_120_94,,((qwgvyx;gobfcx)|((!(xelxrz;(!(!zvfafa))));((!(!dvzqod));(!(!(!amdyjf)))))),c-inference,z3,rc2
3049,8.0,False,0.0,4998.5,0.4,False,False,randomTest_100_120_15,,(fgnztv|(gwrfiw;(!(!(cpjrcm;cvyukh))))),c-inference,z3,rc2
3226,4.0,False,0.0,4683.2,0.6,False,False,randomTest_100_120_52,,"((prcyhx,((wwpxci;bryhth);(!dljqny)))|yaipxd)",c-inference,z3,rc2
3368,6.0,True,0.0,4653.900000000001,0.4,False,False,randomTest_100_120_75,,"((qpfzlm;((lkoiyq;(!hergjh)),lnlelq))|((ymnjfz;(ehoilr;bzqake)),(fxynqr,smzoci)))",c-inference,z3,rc2
3281,5.0,True,0.0,4348.6,0.5,False,False,randomTest_100_120_61,,"(((!uwsjcz);((!(!(!fsspkw)));(!(chrqdi,((!mowqlg),(talgoa;(wbkxqe;nkfzmu)))))))|(nmeiww,(!(!uzmaxz))))",c-inference,z3,rc2
2990,1.0,False,63746.09999999999,3771.2,2200.5,False,False,randomTest_100_120_8,,"((recsxz;(xjcgrk;bnprmo))|((!((vuitrs,mmblyh),(jwlunj;(!iqxmzf)))),(fqlojl;(!xeahfa))))",c-inference,z3,rc2
3318,1.0,False,29423.2,3680.0,1468.0,False,False,randomTest_100_120_66,,"((hfpxfr;(!(fyrvey,khdqqx)))|hsczug)",c-inference,z3,rc2
3138,1.0,False,23361.3,3414.2,1496.2,False,False,randomTest_100_120_30,,(ediaxw|(bgmfnd;(!(crpljr;(pkgxpi;mcfmgz))))),c-inference,z3,rc2
3283,7.0,True,0.0,3318.5,0.4,False,False,randomTest_100_120_61,,"((ybvxyh;(!(vpcdlk,utahvh)))|(((!qhbeir);(((rquahh;sqmasq);gfymhg);yjkzos)),(!nrxbsm)))",c-inference,z3,rc2
3277,1.0,False,28303.6,3281.2,1372.6,False,False,randomTest_100_120_61,,"(((!motbob),(mowqlg,(!(pbpzis,mwkpfp))))|(((frfwdq,(zwgxvo,nmeiww)),yngmmf);(!mgaadw)))",c-inference,z3,rc2
3149,1.0,False,90765.6,3272.6000000000004,2546.1,False,False,randomTest_100_120_32,,"(todvkh|((((efhqjf,pnekws),(beygrg;unhrto));(((wfhnmv;ypdngd),yuvdnw);jzrifs));(!(!(!jkgyko)))))",c-inference,z3,rc2
3495,8.0,False,0.0,3215.9,0.4,False,False,randomTest_100_120_92,,"(((hjprht;(mwjhyb,uuvaft)),((hrwlgi,(bhxlgu,eytrbn)),gyvsnm))|((!qbwmry),vsukbk))",c-inference,z3,rc2
3372,10.0,False,0.0,3191.5,0.4,False,False,randomTest_100_120_75,,"(ateztp|(xspknc,((((pdjujt,mghcwz),(!aunwfm));(!(tpnmqz,aiyjrk))),(ucqmem;(jiypyb,bwsbbq)))))",c-inference,z3,rc2
3370,8.0,False,0.0,2966.2,0.5,False,False,randomTest_100_120_75,,"((ymmnlr,(gifnhc;yhuhsu))|((!(!((!(!vqsgfy)),(!fhmihp)))),((oubbuv;agduid);fxynqr)))",c-inference,z3,rc2
3187,6.0,False,0.0,2873.6,0.5,False,False,randomTest_100_120_38,,"(((!(!(!(eahelr;edpars)))),((!exfjyb),(!(btgrwx;fcodan))))|nekooe)",c-inference,z3,rc2
3484,7.0,False,0.0,2741.5,0.5,False,False,randomTest_100_120_91,,"(jwjbcu|((!gqawkf);(!(gthheh,pvfzht))))",c-inference,z3,rc2
2946,1.0,False,15176.7,2723.5,1306.6,False,False,randomTest_100_120_0,,"(((!((brndcf,(ntncnp;flbrwm));(aqifud;rfraik))),fizkur)|(qkzxvg;(frlkos,(gjknrr;nmqutl))))",c-inference,z3,rc2
3349,8.0,False,0.0,2701.0,0.6,False,False,randomTest_100_120_72,,"((((shaysr;(mkrqoa,ipiyaw)),(!zqaxbs)),(!(evyqxe,(!((!xnumxh),wntrch)))))|iudukx)",c-inference,z3,rc2
3487,10.0,False,0.0,2622.9,0.4,False,False,randomTest_100_120_91,,"(oturpx|(((fewigi,wqwikn),hrlprm),(!(zelvto,ybhwgt))))",c-inference,z3,rc2
2995,6.0,False,0.0,2355.2000000000003,0.6,False,False,randomTest_100_120_8,,"((ygiloz,(fsyfet;(!bbmtjl)))|(vtylde,(!pczxgh)))",c-inference,z3,rc2
2949,4.0,False,0.0,2116.8,0.6,False,False,randomTest_100_120_0,,"(rbalvj|((!vvozbx),(!((!dujrot);((kkzedr;efrris);(!lvwfqm))))))",c-inference,z3,rc2
3515,8.0,False,0.0,2096.9,0.5,False,False,randomTest_100_120_94,,"(((!kfvswz);(aatzop;pnxbqe))|((!gtdfak),(!wyzzjg)))",c-inference,z3,rc2
3371,9.0,False,0.0,2043.1,0.5,False,False,randomTest_100_120_75,,"(((!((!gbfadm);(mzioxl;(!babinw)))),(!((jchule,bsfzzj),(!(!(!xyshbk))))))|((!((!frljpr);lkttbg));(altipq,(!ygbagw))))",c-inference,z3,rc2
3354,2.0,False,0.0,1996.7,0.6,False,False,randomTest_100_120_74,,"(((!vkacsd);pniwbb)|((!fwnbkj),aoxths))",c-inference,z3,rc2
3445,1.0,False,23287.300000000003,1983.5,1330.5,False,False,randomTest_100_120_85,,"(((xwixop,(!mkuxyv));((bwhryv;txkdqw);(cgunqt;kqeozx)))|vcrhen)",c-inference,z3,rc2
3464,10.0,True,0.0,1913.6,0.6,False,False,randomTest_100_120_86,,"((jhwkhp;((qtebvg,(ncqhmf,khfvfe));ltpdhi))|((!(vtemvu;(azamcc;uzcouj)));((!(!jbnfch)),(!cilbiy))))",c-inference,z3,rc2
3182,1.0,False,26197.1,1865.0,1304.6999999999998,False,False,randomTest_100_120_38,,"(((!((dpifbx;(xjocmj,twqonr)),djedmx)),(!(!pmrfuo)))|((nekooe,yyctxl),ypquub))",c-inference,z3,rc2
3274,8.0,False,0.0,1725.1,0.5,False,False,randomTest_100_120_60,,"(((gzhisq,awgxxs),pxoqmf)|((((!((!usloae);(!(!twehid)))),(fjyjtq;tqrnnp)),(qfotkg;jexylw)),xqpcdn))",c-inference,z3,rc2
2964,9.0,True,0.0,1677.3,0.4,False,False,randomTest_100_120_1,,"(iztkme|(zckmpf,(gixzvz,jttnzn)))",c-inference,z3,rc2
3257,2.0,False,0.0,1662.0,0.4,False,False,randomTest_100_120_58,,"(((owrzrx;wqaguw);(((!(!reusjm)),(aoflmh,(!vgtkni))),(!rbwuwc)))|(tkghuw,omtpkg))",c-inference,z3,rc2
3457,3.0,False,0.0,1609.2,0.6,False,False,randomTest_100_120_86,,"((wwoclx;zjgiki)|(djbtte;((jhwkhp,gtjmre),(!kkkhdg))))",c-inference,z3,rc2
3022,1.0,False,26432.0,1442.1,1325.4,False,False,randomTest_100_120_13,,"(budjhy|((mojcad,(qbrlmk,(xcyflt,vdwdnw)));(rmxboa;((!krdwia);guycjm))))",c-inference,z3,rc2
3172,2.0,False,0.0,1387.5,0.6,False,False,randomTest_100_120_36,,"(((qeqkja,rrtngk),jhqvry)|((!(!zncgsf));(!cbyphu)))",c-inference,z3,rc2
2970,2.0,True,0.0,1373.4,0.6,False,False,randomTest_100_120_5,,"(((((!nvyvfe);(yljlul,(tlbpxc,ifbxsl)));((!naoorp);xcowvi));(!(!akpvzv)))|((ldjbew;cmqify);(!erszht)))",c-inference,z3,rc2
3362,10.0,False,0.0,1330.8000000000002,0.6,False,False,randomTest_100_120_74,,"((pbzktb,(rwifos;yuygqo))|((((irjoem;aoxths),jdsirw);(bmlurw;rdikzo));jaldkx))",c-inference,z3,rc2
3462,8.0,False,0.0,1264.8,0.5,False,False,randomTest_100_120_86,,"((lkxtlf;(wwoclx,(fajhyg;ammwuk)))|(((!(!ijbwal)),(!(!(djbtte;sroonh)))),(vejliy;(ltpdhi,wtjdnt))))",c-inference,z3,rc2
3171,1.0,True,82359.2,1212.0,2656.2,False,False,randomTest_100_120_36,,"(((dmcufv;zjrhgw);((!yqijzj);yyoycr))|(((akpnck,zotbyl);rpumgd),ihxojc))",c-inference,z3,rc2
2961,6.0,False,0.0,1188.7,0.5,False,False,randomTest_100_120_1,,"(((!cjytwe);(rvgvhh,qmzrlt))|((!iztkme),((tdlbbp,(jlflor;(!ymfpfr)));(!swkuoz))))",c-inference,z3,rc2
3097,2.0,False,0.0,1169.4,0.7,False,False,randomTest_100_120_24,,"((ahromx,(!bnxuep))|(kgvyta,(!bakprh)))",c-inference,z3,rc2
3173,3.0,False,0.0,1148.8000000000002,0.6,False,False,randomTest_100_120_36,,"((zcuiyq;((falxxv,iqbguq);(!(yyoycr,gjipwq))))|(vllaqh,axtshu))",c-inference,z3,rc2
3141,4.0,False,0.0,1123.1,0.5,False,False,randomTest_100_120_30,,"(((vuoftr,fltaws),(!(((!zzxvmz);(yylkgx,axlbfy));(!mkozxq))))|(pnkzfe,(!oypltc)))",c-inference,z3,rc2
3361,9.0,True,0.0,978.5,0.6,False,False,randomTest_100_120_74,,"((qekrke;(!(hugzrk,jdsirw)))|qjdohy)",c-inference,z3,rc2
3461,7.0,False,0.0,883.0,0.5,False,False,randomTest_100_120_86,,"(sjocro|(quzvak,(cqvego;(rgodvv,oxwppn))))",c-inference,z3,rc2
3122,5.0,False,0.0,858.0,0.4,False,False,randomTest_100_120_28,,"((kmstec,(oggdkk,cprzhm))|(astpao;zyozru))",c-inference,z3,rc2
3284,8.0,False,0.0,831.7,0.4,False,False,randomTest_100_120_61,,"((civfzq,frfwdq)|((!((!dwwbfr),(!mwkpfp))),(!(vvuehz;(lnmtlz;hzuyok)))))",c-inference,z3,rc2
3056,5.0,False,0.0,819.8000000000001,0.4,False,False,randomTest_100_120_16,,"(((((prtduu,ynjnit),xtbqii);rdhbbm),(!(thjtzh;eavdok)))|gtkupa)",c-inference,z3,rc2
3522,5.0,True,0.0,807.8,0.6,False,False,randomTest_100_120_95,,"(((!wngxia);((dhokfb,vfyxwh);evcqna))|((!(xdoglp;(!(tpzldn;(!uamqhl)))));(!(!(!dvcbwo)))))",c-inference,z3,rc2
3396,4.0,False,0.0,789.6999999999999,0.6,False,False,randomTest_100_120_78,,"(((!(!uvjpfp)),(!(!ftuukv)))|(((!(laoblj;hhsrou)),(!gxkcms));(wngpqe,eaxlxy)))",c-inference,z3,rc2
3523,6.0,False,0.0,759.6,0.5,False,False,randomTest_100_120_95,,"(xdoglp|(((!fyhdsw);(lbrfzu,ssmfwg)),mssamr))",c-inference,z3,rc2
3118,1.0,False,9907.9,702.9000000000001,1070.2,False,False,randomTest_100_120_28,,"(((!shpsbv);((nkhxrc;zdqtug),lakajv))|cprzhm)",c-inference,z3,rc2
3438,4.0,False,0.0,640.6,0.4,False,False,randomTest_100_120_84,,"((qfcpty;ipdbgf)|((!(ydgxhc;jfught)),(samvse,jctdfj)))",c-inference,z3,rc2
3185,4.0,False,0.0,611.7,0.5,False,False,randomTest_100_120_38,,"(wzqvpr|(bigudv,(foyezf;mgesmu)))",c-inference,z3,rc2
3140,3.0,False,0.0,583.7,0.4,False,False,randomTest_100_120_30,,"((shqxts,mvfnuk)|(kcdlqj;hincqq))",c-inference,z3,rc2
3383,1.0,False,227851.4,580.2,4273.2,False,False,randomTest_100_120_77,,"((((!ilbjoy),(hwoqyv;fthrdz));caeojd)|(qszctw;(!dqxmej)))",c-inference,z3,rc2
3195,1.0,False,7856.6,576.6,1049.5,False,False,randomTest_100_120_42,,"(((risejy,(kvjqdh,qotwpt));hdcmrs)|((!(qclyvq,sjeusj));zivhdl))",c-inference,z3,rc2
3235,1.0,False,57046.2,557.8,1943.1,False,False,randomTest_100_120_55,,(((!gsdgjy);zihtdq)|((!uspgpe);ddaekg)),c-inference,z3,rc2
3093,10.0,True,0.0,535.5,0.4,False,False,randomTest_100_120_21,,"((elaxbq;nvveaw)|(gdrrsh,(!rnmxlk)))",c-inference,z3,rc2
3463,9.0,False,0.0,478.9,0.6,False,False,randomTest_100_120_86,,"((svzoel,lsthgd)|(bushiz,((wfbgqu;((!(fajhyg,verryg));vtemvu)),qaovbn)))",c-inference,z3,rc2
3123,6.0,False,0.0,456.5,0.4,False,False,randomTest_100_120_28,,"(wwvvtg|((xsnaro,(vmtnca;(!qnmgot))),akljxf))",c-inference,z3,rc2
3143,6.0,True,0.0,453.6,0.6,False,False,randomTest_100_120_30,,"((rqyizm;(!hevpqw))|((!cibdhe);(kaywse;(((oiymat,uxbnva),(cnglgh,wjmdwx)),(!ubudjb)))))",c-inference,z3,rc2
3018,7.0,True,0.0,446.5,0.5,False,False,randomTest_100_120_12,,"(iszhsb|((!((((dvcpyd,acnwmh);hcvlzz);(!tmpwfb)),(!(mfqvmo,tgekfq))));(zqnsjd,kpuxvu)))",c-inference,z3,rc2
3197,3.0,False,0.0,441.3,0.5,False,False,randomTest_100_120_42,,"((pzcztv;(!(dbhswn,nwbjwk)))|((!eafvqo),((!pzyncc);udvzcd)))",c-inference,z3,rc2
3005,6.0,False,0.0,421.2000000000001,0.4,False,False,randomTest_100_120_9,,"((nsnlcq,puvigj)|((xjpuav,(!zwphlu));(iutluo,(!iketwz))))",c-inference,z3,rc2
3321,4.0,False,0.0,357.4,0.5,False,False,randomTest_100_120_66,,"((qadmnc,(!(blsujw;(jyqpmi,givfal))))|tjqfxw)",c-inference,z3,rc2
3202,8.0,False,0.0,353.3,0.4,False,False,randomTest_100_120_42,,(((!(uccgys;tnjshj));xkbvtz)|(gdlufv;tgcmym)),c-inference,z3,rc2
3395,3.0,False,0.0,352.5,0.6,False,False,randomTest_100_120_78,,"((sxgxtk;fhsaxk)|(yhgumq,((yuolue,wqcvvc),(vrjaph;pvoswt))))",c-inference,z3,rc2
3282,6.0,True,0.0,351.3,0.4,False,False,randomTest_100_120_61,,"(((omwzjs,gfymhg);(!(jlyxig,mnpddp)))|(pawkgp,(!chzhoj)))",c-inference,z3,rc2
3121,4.0,True,0.0,325.79999999999995,0.6,False,False,randomTest_100_120_28,,"(xsnaro|(((ddydpe,exxyvk);(yuecmw,(vmtnca,zyozru)));((txnuqu,wjjiin),(!(vtkioc,(!nkhxrc))))))",c-inference,z3,rc2
3201,7.0,True,0.0,324.5,0.5,False,False,randomTest_100_120_42,,"((ubzabv;((!tafnlz),(fxkpep,(!(navjqk,(!(osxzlu,nkhelu)))))))|eafvqo)",c-inference,z3,rc2
3518,1.0,False,82540.0,311.90000000000003,2567.0,False,False,randomTest_100_120_95,,"(((!((mzdmlz;fgfswk),(kgvdgw;nnsjeo))),(hxwgfl;mssamr))|fuaecl)",c-inference,z3,rc2
3432,8.0,False,0.0,302.0,0.5,False,False,randomTest_100_120_83,,"(((!(!(!(!ajxday)))),((((!(!gwtekl)),rrimje);cuaeiq);(!(xzipwt,bktsuv))))|(ikkpzp;ikxest))",c-inference,z3,rc2
3039,8.0,True,0.0,300.9,0.5,False,False,randomTest_100_120_14,,"(((((!(!cgahjz)),((!(!vpjwwf));semdsf));dllkfe),(rbfnir;uqjnrs))|((!((esirvp;fqtval);xmcsfa)),mryoxr))",c-inference,z3,rc2
3126,9.0,False,0.0,283.9,0.5,False,False,randomTest_100_120_28,,"(((!(!((!(!toqhfa)),(!((!tbxjak);(!mivtwh)))))),((!(!cwfczu)),(!(!((nkhxrc;exxyvk),tgkbsr)))))|hclpdx)",c-inference,z3,rc2
3267,1.0,False,21609.5,275.8,1341.8,False,False,randomTest_100_120_60,,"((hbdfxd;mznadw)|((rjebmk;jdyhzm),gkzwsi))",c-inference,z3,rc2
3009,10.0,False,0.0,249.4,0.6,False,False,randomTest_100_120_9,,"((((urtweh,fhvmpw);(pibjvp;lyrllp)),rulbnf)|((!afpomg);(ydzlcw,ofyxxn)))",c-inference,z3,rc2
3028,7.0,False,0.0,244.9,0.5,False,False,randomTest_100_120_13,,"(((migkod,xgtmbf);((!clwpfg),((ecbhhi,syrawy),(!ctszwd))))|nghrvi)",c-inference,z3,rc2
3196,2.0,True,0.0,243.6,0.5,False,False,randomTest_100_120_42,,"((((!niypxd);(!dyjbxi));(!kvjqdh))|(brjkoi,(hzqehe;ubzabv)))",c-inference,z3,rc2
3353,1.0,True,59488.0,242.4,2129.0,False,False,randomTest_100_120_74,,"(ivoszp|(((!rdmsqo),dbvsiu);((hugzrk;bmlurw),(!(!(!qekrke))))))",c-inference,z3,rc2
3474,7.0,False,0.0,238.1,0.4,False,False,randomTest_100_120_90,,"((jsrqlz,(dviaes,onvczz))|(zkzsbg,gypybu))",c-inference,z3,rc2
3377,5.0,True,0.0,226.3,0.4,False,False,randomTest_100_120_76,,"(juvaji|(qqrufv,((!(qufsur,pmrtkn)),((!(!czdlzi)),ujvpgg))))",c-inference,z3,rc2
3265,10.0,True,0.0,222.7,0.4,False,False,randomTest_100_120_58,,"(hnuumw|((!(ptmyyx,(ykqote;(xndyie,ccbkgt))));(wdlcdh,uzfcky)))",c-inference,z3,rc2
2959,4.0,True,0.0,212.6,0.5,False,False,randomTest_100_120_1,,"((kikbou;ttzwcj)|(nxyjjz,jttnzn))",c-inference,z3,rc2
3229,7.0,False,0.0,203.6,0.6,False,False,randomTest_100_120_52,,(uvnaav|((!((mscnvb;tgipsq);fdivst));(!(!crrqzt)))),c-inference,z3,rc2
3451,7.0,False,0.0,185.0,0.6,False,False,randomTest_100_120_85,,"(kzaaah|((!((((!(!kqeozx));hofqjr),(!(!lvkbtk)));hhrrtl)),((szhlxr,(uoxyfs;djeglw)),(!(lzczac,ayxfrz)))))",c-inference,z3,rc2
3366,4.0,False,0.0,183.2,0.5,False,False,randomTest_100_120_75,,"(((!ajtpmr);vxirja)|((!(yhuhsu;lnlelq)),((srjjug;(bzqake,kuxfsc));lkttbg)))",c-inference,z3,rc2
3365,3.0,False,0.0,180.7,0.4,False,False,randomTest_100_120_75,,"((kqtkcj;mghcwz)|((!(!agduid)),sijacv))",c-inference,z3,rc2
3367,5.0,False,0.0,176.29999999999998,0.4,False,False,randomTest_100_120_75,,"((nzaorp;dgcjpf)|(rewapk;((!(!xjglfi)),(!xfdbhc))))",c-inference,z3,rc2
3347,6.0,False,0.0,167.3,0.6,False,False,randomTest_100_120_72,,"((((gzcncw;haemto),(!cfqoyr));((!(izatju;odngga));(xnumxh;nfhjie)))|uwmgae)",c-inference,z3,rc2
3047,6.0,False,0.0,166.5,0.5,False,False,randomTest_100_120_15,,"(((dlifjv,wekibc);nnxmgs)|((((!iljzvu),((!muaskd),(!liopva)));tgciob);(!((ervfal,(!(!coffwl)));dzsbme))))",c-inference,z3,rc2
3527,10.0,True,0.0,165.7,0.5,False,False,randomTest_100_120_95,,(((hxwgfl;iqduat);ocfasc)|(xqdiyt;fqavpw)),c-inference,z3,rc2
3044,3.0,False,0.0,165.1,0.4,False,False,randomTest_100_120_15,,"(((rrabrc,(!(!qocolm)));((((!ydpqik),kexijt);eidmwq),(!fkyrby)))|(dzsbme,(!(!((!(ordibp,dltgbp));rtfnan)))))",c-inference,z3,rc2
3050,9.0,False,0.0,164.29999999999998,0.4,False,False,randomTest_100_120_15,,"((eidmwq,((sjdtuu,uodumz),(((klpeoc;xzursm);eugivl);syfbgt)))|((ahgfov;narwvw);fdbymx))",c-inference,z3,rc2
3131,4.0,False,0.0,162.7,0.5,False,False,randomTest_100_120_29,,"((ohtiws,(zpnpxm,aewdzt))|(mxzgxy,(symbhp,nfwoge)))",c-inference,z3,rc2
3278,2.0,True,0.0,162.0,0.4,False,False,randomTest_100_120_61,,((treadh;uegzqr)|((!(!ihdwpj));vvuehz)),c-inference,z3,rc2
3048,7.0,False,0.0,160.9,0.4,False,False,randomTest_100_120_15,,"(((!(ordibp;nnxmgs)),tlvncb)|wekibc)",c-inference,z3,rc2
3043,2.0,False,0.0,160.4,0.6,False,False,randomTest_100_120_15,,"(((!(putfep;klpeoc)),(!(byxraw,wthhxc)))|zlefcp)",c-inference,z3,rc2
3186,5.0,False,0.0,160.1,0.5,False,False,randomTest_100_120_38,,"(almjtz|(tjlrlb,(uagjts,tmvqhg)))",c-inference,z3,rc2
3046,5.0,False,0.0,158.2,0.4,False,False,randomTest_100_120_15,,(((!(!qunqhq));(mowiml;(fgnztv;xdnokw)))|zpkncj),c-inference,z3,rc2
3512,5.0,False,0.0,157.70000000000002,0.6,False,False,randomTest_100_120_94,,"(((((!zdnybr),vhpcyo);ehobkl),((!(!(fkqspl;kfvswz))),(!kdxmxc)))|(alydrt,(!yxfwfv)))",c-inference,z3,rc2
3256,1.0,True,24487.5,157.5,1295.9,False,False,randomTest_100_120_58,,"((((yhkozk;kvzsbz);lbgsch),(!((goqtin,(yuqnuz;xjhplu)),xndyie)))|oxaapm)",c-inference,z3,rc2
3510,3.0,False,0.0,157.5,0.5,False,False,randomTest_100_120_94,,"((((!joqwoc),((gwzhnf;qyooux);(hpwvjk;izsakw))),(!ojtdos))|(trwksb;xelxrz))",c-inference,z3,rc2
3082,9.0,False,0.0,157.4,0.5,False,False,randomTest_100_120_20,,"(((bzxjom,rcpttf);(!(odsbya;exrgtd)))|((!uifudz),(ndsbqb,eucdyb)))",c-inference,z3,rc2
3513,6.0,False,0.0,157.1,0.5,False,False,randomTest_100_120_94,,"((ljkexj,(zsaliz;ydakqx))|((!(!(!qwgvyx)));(!((wcbyti,((!kiemzz);zyzheu)),peklsp))))",c-inference,z3,rc2
3045,4.0,False,0.0,156.1,0.4,False,False,randomTest_100_120_15,,"(pamecx|(((eidmwq;nmrile);(dlifjv,fvsqlq));awtttb))",c-inference,z3,rc2
3511,4.0,False,0.0,154.6,0.5,False,False,randomTest_100_120_94,,"((vtiajh,(cdknuv;itrazs))|twbjep)",c-inference,z3,rc2
3051,10.0,False,0.0,148.2,0.4,False,False,randomTest_100_120_15,,"((((narwvw,rrabrc),cvyukh);(!dfujun))|((nazgll;((!eidmwq);bckmwc));(fgnztv;xdnokw)))",c-inference,z3,rc2
3425,1.0,False,17957.0,147.20000000000002,1314.6999999999998,False,False,randomTest_100_120_83,,"(ikkpzp|((wdqxns,(!(mcppxo;(yewoso,(!vppbsk)))));(iejlqu;(!sonqwb))))",c-inference,z3,rc2
3456,2.0,False,0.0,143.9,0.7,False,False,randomTest_100_120_86,,"((mzukxc;((!(!wtjdnt)),(oxwppn;(!bushiz))))|(jjnixq;((ckcxik,azamcc);(tizmwa,holpfr))))",c-inference,z3,rc2
3139,2.0,False,0.0,142.7,0.5,False,False,randomTest_100_120_30,,"(((!(!(!vuoftr))),ngedlu)|(hincqq,faxrbm))",c-inference,z3,rc2
3080,7.0,True,0.0,142.4,0.7,False,False,randomTest_100_120_20,,"(((xbzmtm;xntwby);pznqia)|((jurrjt,uzvizv),((jxxxmc;(isxjna,(exrgtd;hbybje))),(!jxthrc))))",c-inference,z3,rc2
3477,10.0,True,0.0,140.1,0.5,False,False,randomTest_100_120_90,,"((gypybu;ibtuca)|((mnlyfz;aqrkmh);(!(!(ndfhir,veetad)))))",c-inference,z3,rc2
3320,3.0,False,0.0,136.0,0.5,False,False,randomTest_100_120_66,,"((etlmpv,(!(!(!tjqfxw))))|(zwgkge,((cphatk;nmmolo),(exeizz;dlmdsq))))",c-inference,z3,rc2
3228,6.0,False,0.0,130.3,0.6,False,False,randomTest_100_120_52,,"((rwedzs,(lqlvtf;mscnvb))|((!kiqtyg);gkugwu))",c-inference,z3,rc2
3183,2.0,False,0.0,128.20000000000002,0.6,False,False,randomTest_100_120_38,,"((((!almjtz),pkremj),qwciyd)|((!((!((!wdavqm),ouadog)),(vjkahk;((!((!eikkjr);nzvfga));lgdgqe))));ipovvr))",c-inference,z3,rc2
3127,10.0,False,0.0,125.2,0.5,False,False,randomTest_100_120_28,,"((((!ksnzsz);(!(wwvvtg;(((mbwxvv,sttezs),(!bjshvc));(!qnmgot))))),(!lakajv))|(tbxjak,dmoahu))",c-inference,z3,rc2
3360,8.0,False,0.0,124.6,0.7,False,False,randomTest_100_120_74,,"((enqwhv,(!(nrazdr,((dbvsiu,soudye),xiqtmh))))|((fzublp;ribjir),(!xgyluc)))",c-inference,z3,rc2
3021,10.0,True,0.0,122.4,0.5,False,False,randomTest_100_120_12,,"(((ftqusn;osxssc);(pmmsse,znzirs))|(((uzfhzf,ddzyye),livhbi),(!((!(!hgompz)),psyshu))))",c-inference,z3,rc2
3460,6.0,False,0.0,120.9,0.5,False,False,randomTest_100_120_86,,"((((!trjnrq),(!(tizmwa;alvzqo)));pujvmk)|((slrnsx,pbbsev);jbnfch))",c-inference,z3,rc2
2965,10.0,False,0.0,119.8,0.7,False,False,randomTest_100_120_1,,(bdykdn|((zgjrkz;qlnkxi);(oidzrf;hmmlqr))),c-inference,z3,rc2
2974,6.0,False,0.0,118.5,0.7,False,False,randomTest_100_120_5,,"(upuypd|(((cvvlky,(!akpvzv));(mvmlhb,((!(jzinoz,klvmyg)),ewefyy))),lwoszc))",c-inference,z3,rc2
2963,8.0,False,0.0,112.3,0.7,False,False,randomTest_100_120_1,,"(((!(!((!(!zcyeza)),yoeaib))),((!(ivixcq,hugbeu));(!((!zhbykm),aihmly))))|((!waubho),(!(!(txjvrd;zgjrkz)))))",c-inference,z3,rc2
3388,6.0,False,0.0,108.0,0.6,False,False,randomTest_100_120_77,,"((((ezokyu,pcbkkm);pyskaa);talslt)|((sxqsmu,(!lghkmu)),((!(xmyyhc,(qwsfcy,oonntw))),airwvo)))",c-inference,z3,rc2
3074,1.0,False,19581.7,107.2,1153.0,False,False,randomTest_100_120_20,,"(zaqyhp|((domilh;(!vbdlwo));(kgmoba,ndsbqb)))",c-inference,z3,rc2
3481,4.0,False,0.0,106.8,0.6,False,False,randomTest_100_120_91,,"(((erwcmx;(!tzdtfs));(foqjyv;gqawkf))|((!lwalgs),(hddlhj,(!rbhrjo))))",c-inference,z3,rc2
3104,9.0,False,0.0,106.1,0.5,False,False,randomTest_100_120_24,,"(mrfjlw|(ggsakw;((ordrlw,zzxpzn);(!(!uppjri)))))",c-inference,z3,rc2
3099,4.0,False,0.0,104.1,0.4,False,False,randomTest_100_120_24,,"(((!mtnbiy),(!(kxvnmx,((!(zzkuzq,zixfct)),(oikotf;(cmiemm;ncfqaq))))))|hxpvnn)",c-inference,z3,rc2
3355,3.0,False,0.0,103.8,0.6,False,False,randomTest_100_120_74,,"(xcokkv|((tejsji;rcfzwp),(pbzktb,wdtlsd)))",c-inference,z3,rc2
3434,10.0,True,0.0,103.7,0.6,False,False,randomTest_100_120_83,,"(((!(lynfch,(zmtmut,xcujpd))),((pnqsis;(bgddko;ctxtxh));(sgtlsi;ftlafd)))|qrnvne)",c-inference,z3,rc2
3184,3.0,True,0.0,99.1,0.5,False,False,randomTest_100_120_38,,"(pmrfuo|((!(zctxin;ypquub));((eikkjr,gdaewg),kypiny)))",c-inference,z3,rc2
3100,5.0,False,0.0,94.9,0.6,False,False,randomTest_100_120_24,,"((((mqrpwi,wltref),ustdhh);(!(((wamqvc;esqzfw),ephabi),gwkrqz)))|(lvcxxa,(!(!(!qykpcl)))))",c-inference,z3,rc2
3101,6.0,False,0.0,92.7,0.6,False,False,randomTest_100_120_24,,"(((!mrfjlw),cmiemm)|(kgvyta,(ggsakw,ncfqaq)))",c-inference,z3,rc2
3103,8.0,False,0.0,92.3,0.6,False,False,randomTest_100_120_24,,"(jkhhkg|((!(zherkz,(lfnxmr,mtnbiy))),(ucpaci,((!(dnnzzm,(waeagz;vwmhtq)));(!dxqcqj)))))",c-inference,z3,rc2
2956,1.0,False,14628.2,92.3,1031.2,False,False,randomTest_100_120_1,,"((((wwolce,wbypjs);dtksxh);wjybee)|qprwch)",c-inference,z3,rc2
3102,7.0,False,0.0,91.9,0.6,False,False,randomTest_100_120_24,,"((bypygx,zzkuzq)|(((diwxuk;fyrrza),hhzebp),((!(!((!ucpaci),tzubcp)));(!(brrzon,rgxqfh)))))",c-inference,z3,rc2
2973,5.0,False,0.0,91.8,0.6,False,False,randomTest_100_120_5,,"(((akpvzv;ewefyy),ihggkf)|((!(!((!xggvpg),((ylvpsn;qrxfml),(athlyc;vlgmtb))))),ndgdrx))",c-inference,z3,rc2
3105,10.0,False,0.0,91.8,0.5,False,False,randomTest_100_120_24,,"(zyyghe|((!iuesvv),(rcnrnh;zherkz)))",c-inference,z3,rc2
2996,7.0,False,0.0,90.9,0.5,False,False,randomTest_100_120_8,,"(((enjlpy,((!zmtwhv);apzeua));hmhirn)|uigfrf)",c-inference,z3,rc2
3057,6.0,False,0.0,90.2,0.4,False,False,randomTest_100_120_16,,"((((!eavdok),(!(mymnue,(lrqmgp;(rovpna,zigxok)))));(!(mfeqqz;zjkllc)))|((!nzhqxx),(!(mahleo,svonwo))))",c-inference,z3,rc2
3359,7.0,True,0.0,90.2,0.6,False,False,randomTest_100_120_74,,"((ivoszp;wdtlsd)|((!(tejsji,(veqlyi,dbvsiu))),(qjdohy;wsfkpz)))",c-inference,z3,rc2
3058,7.0,False,0.0,89.5,0.4,False,False,randomTest_100_120_16,,"(((pjvads;eidflk);xdrxdn)|(((!rdhbbm);ipialw),prtduu))",c-inference,z3,rc2
2991,2.0,False,0.0,88.60000000000001,0.8,False,False,randomTest_100_120_8,,"((ekgepp,(qactdv,(heowxj;(jbltrx;lyznxw))))|(rxdija;((!gqguqh);(eulwum,(hmhirn,wskysp)))))",c-inference,z3,rc2
3479,2.0,False,0.0,88.3,0.9,False,False,randomTest_100_120_91,,(((mqxbdh;ugmqkm);((grpahi;ufsscx);hxyvaw))|((!zpvbzk);ntkvkw)),c-inference,z3,rc2
3480,3.0,False,0.0,88.2,0.6,False,False,randomTest_100_120_91,,"(hfkrye|(((ixcfha;hddlhj);dlyaki),(nxtxlo,bcovtp)))",c-inference,z3,rc2
3061,10.0,False,0.0,87.9,0.6,False,False,randomTest_100_120_16,,"(((rohdue,(!(ushvad,cavcji))),zqrqsn)|((!(!gecnso)),(beoyfl,lgqqmj)))",c-inference,z3,rc2
3012,1.0,False,15338.4,83.8,1226.5,False,False,randomTest_100_120_12,,"(((!(!((pmmsse;xkrjjp);xilluv))),(uzfhzf,crmegz))|((((!kcuicb);sschik);acnwmh),(!mfqvmo)))",c-inference,z3,rc2
3398,6.0,False,0.0,83.39999999999999,0.7,False,False,randomTest_100_120_78,,"(glvnbf|((((!(!(!lbeuqy))),(!(!((wgaasb;syqlyn),wrmbse)))),yhgumq);(!((mienru,fhsaxk);wysvxj))))",c-inference,z3,rc2
3402,10.0,False,0.0,82.9,0.6,False,False,randomTest_100_120_78,,"(((wysvxj;uvjpfp),(!(wrwbpx,tmwume)))|(hsusdy,wbwnlu))",c-inference,z3,rc2
3164,6.0,False,0.0,82.69999999999999,0.4,False,False,randomTest_100_120_33,,(((((iehfne;jupxfn);riscwg);xszeoh);((!(!yxmmtt));(!dqwapl)))|pynhyt),c-inference,z3,rc2
2993,4.0,False,0.0,80.9,0.6,False,False,randomTest_100_120_8,,"((((!(kwlkfw,(szijci;srhxgj))),hhtkxk);(!xeahfa))|(dzqucy,fqlojl))",c-inference,z3,rc2
3356,4.0,False,0.0,80.4,0.6,False,False,randomTest_100_120_74,,"((((rmlgfa;jdsirw),(ribjir;tuvlso)),((qmvssu;frjxgs);lkminp))|xgyluc)",c-inference,z3,rc2
3125,8.0,True,0.0,79.9,0.5,False,False,randomTest_100_120_28,,"((((!(vtkioc,((!(nkhxrc;yhvbpe));(!veucby)))),(!(tsubpa;qvggdg)));wjjiin)|(kiidsh;kmstec))",c-inference,z3,rc2
2999,10.0,False,0.0,79.60000000000001,0.6,False,False,randomTest_100_120_8,,"((((!czllal);(heowxj;(!(!hudnqr))));(!(!(hhtkxk;(pczxgh,gqguqh)))))|isgvsy)",c-inference,z3,rc2
2994,5.0,False,0.0,79.0,0.6,False,False,randomTest_100_120_8,,"(((((!(!(icckkm,fqlojl))),(axpply;(dxxfvf;(jbltrx;ygtpiv))));(szijci;bnprmo));qtykgv)|sofisx)",c-inference,z3,rc2
3203,9.0,False,0.0,78.6,0.5,False,False,randomTest_100_120_42,,"((gpyqxt,(htmnoa,(ubzabv,(zivhdl,pzcztv))))|lhpqra)",c-inference,z3,rc2
3397,5.0,False,0.0,77.6,0.7,False,False,randomTest_100_120_78,,"(((!vtvmjo);(tkfsdw;igrthd))|((wouqpp,(!pzagcm));((dpjbzx;pnjorx);sxtbvw)))",c-inference,z3,rc2
2997,8.0,False,0.0,77.4,0.5,False,False,randomTest_100_120_8,,((vtpbqh;(!(jdgbir;heowxj)))|osvpwu),c-inference,z3,rc2
3287,1.0,False,5556.5,75.3,895.8,False,False,randomTest_100_120_62,,"(((jnehdy,cziekt);(xltkoo,exafcr))|rzpyma)",c-inference,z3,rc2
3401,9.0,False,0.0,74.7,0.6,False,False,randomTest_100_120_78,,"(((gxkcms,(!(vrjaph;wngpqe)));amnctn)|pvoswt)",c-inference,z3,rc2
3394,2.0,False,0.0,74.2,0.6,False,False,randomTest_100_120_78,,"((jhyygn;(kpgwgl,(!igrthd)))|(amnctn;(!vtvmjo)))",c-inference,z3,rc2
2998,9.0,False,0.0,74.1,0.5,False,False,randomTest_100_120_8,,"(pxhwnx|(((!(!jdgbir)),szijci),dxxfvf))",c-inference,z3,rc2
2992,3.0,False,0.0,73.6,0.5,False,False,randomTest_100_120_8,,"(((!(!cbtbgf)),ysjfft)|((gqguqh;zmtwhv),((!wvockt),xvblik)))",c-inference,z3,rc2
3304,8.0,True,0.0,73.1,0.5,False,False,randomTest_100_120_63,,"(((!(gkbvya,(phuyfx,uknksk))),(!(soqzhf,ugxtun)))|((meszwc;ucuohr),zkxkjf))",c-inference,z3,rc2
3469,2.0,True,0.0,72.69999999999999,0.4,False,False,randomTest_100_120_90,,"((epqvqd;toecsp)|(((stpcne;dviaes),(qmgmrz;((!onvczz);jeyzub)));(!(xkcpxy,vyilmh))))",c-inference,z3,rc2
3076,3.0,False,0.0,71.9,0.5,False,False,randomTest_100_120_20,,"(((!(!mdkwkg));(!(kgmoba;((lltpyt,zzobvr),gjrkxa))))|(((pmgnax;xhwhal),lgspls),puiswc))",c-inference,z3,rc2
3177,7.0,False,0.0,71.5,0.5,False,False,randomTest_100_120_36,,"(fkcxql|((xtsrmr;tatfzb),(!kbmhvg)))",c-inference,z3,rc2
2977,9.0,False,0.0,70.7,0.6,False,False,randomTest_100_120_5,,"((((ewefyy,yjtdxb);dmgspk),mvkqhx)|(yzkybp;(lwoszc,ffgeda)))",c-inference,z3,rc2
3486,9.0,False,0.0,70.69999999999999,0.4,False,False,randomTest_100_120_91,,"(((!ufmnqp),(pzbmsp;((!grpahi),(suqgar,(qbtyde,ybwbsc)))))|((!acoqkl),(yhbthw,(htbuhl;ntkvkw))))",c-inference,z3,rc2
3069,8.0,False,0.0,69.8,0.5,False,False,randomTest_100_120_17,,"((apjujh,((pxsxvl,pifdlw),ljyxxg))|(mqspig,(((zvjuld,(fjpoqc;ajfbjn));lmuzln);sguzcl)))",c-inference,z3,rc2
2975,7.0,False,0.0,69.5,0.6,False,False,randomTest_100_120_5,,"((athlyc;nvyvfe)|((!(!pbkgwv));(!(jcmfqo,nspbnb))))",c-inference,z3,rc2
2978,10.0,False,0.0,69.10000000000001,0.6,False,False,randomTest_100_120_5,,"(((!(!vchojp));((!oixqhy),jxyufe))|(xttcny;zjmcrv))",c-inference,z3,rc2
3485,8.0,False,0.0,68.8,0.4,False,False,randomTest_100_120_91,,"(((!(!qjmkpq));yhbthw)|(msowha;(hfkrye,(!gaucph))))",c-inference,z3,rc2
2976,8.0,False,0.0,68.5,0.5,False,False,randomTest_100_120_5,,"((zlxhrs;nawfwl)|(iihonc,dmgspk))",c-inference,z3,rc2
3084,1.0,False,18664.3,68.10000000000001,1146.6,False,False,randomTest_100_120_21,,"((sppmii,((((ubxarq,qpffcc);(!cxwaie));(!(nkfpsv;(!(rbyaow,pzepqf))))),(gnybit,qvndnt)))|swuxxn)",c-inference,z3,rc2
3137,10.0,True,0.0,68.0,0.5,False,False,randomTest_100_120_29,,"((((tqjzyh,(etgaxd,yspoon)),(!(ssqzel,kwvgfw)));vldowg)|((!aomzex),zpnpxm))",c-inference,z3,rc2
2987,9.0,False,0.0,67.60000000000001,0.3,False,False,randomTest_100_120_6,,"(((qmrmcu,ootidv),(fuujah,wbutzy))|((!mpqkcw),(uexowr,pldiiu)))",c-inference,z3,rc2
3237,3.0,False,0.0,62.8,0.7,False,False,randomTest_100_120_55,,"((lxtffk,(!vjpnam))|((!zskfdn);(lefxfh;xxqgop)))",c-inference,z3,rc2
2962,7.0,False,0.0,62.7,0.5,False,False,randomTest_100_120_1,,"(((!(zgjrkz,(esywdo;(!wiydrb)))),(!((ozekdd,(cwffxl,bdgdct)),(zdwrij;iztkme))))|(zhbykm,qkmjmy))",c-inference,z3,rc2
3227,5.0,False,0.0,62.5,0.7,False,False,randomTest_100_120_52,,"(jhvizm|((!(!irztew));(((ijwved,dljqny);klkvwo);((!((lqlvtf;ykcjei),uvnaav)),((!upitij);ooqoyx)))))",c-inference,z3,rc2
3429,5.0,False,0.0,61.9,0.5,False,False,randomTest_100_120_83,,"(ccgomr|((ilnfrf;ctxtxh),xcujpd))",c-inference,z3,rc2
3328,1.0,False,4895.2,61.5,916.7,False,False,randomTest_100_120_67,,"(sjnxge|(eoipwv,(rnfzwt,(((nyyepg,obmcbg),lcgqiz);((!vmdyxf),((!cnltpp);vygude))))))",c-inference,z3,rc2
2960,5.0,False,0.0,61.4,0.5,False,False,randomTest_100_120_1,,"(qlnkxi|(((havllf,(wjybee;rjirgr)),waubho);jgthvt))",c-inference,z3,rc2
3178,8.0,False,0.0,61.1,0.7,False,False,randomTest_100_120_36,,"(lmwxwv|(((!((yyoycr,dmcufv);riewxd)),(((!mwcvzu);(!lyebuy));akpnck));((!(!(!(!hwxxnw)))),lmccgt)))",c-inference,z3,rc2
3524,7.0,False,0.0,60.8,0.6,False,False,randomTest_100_120_95,,"((zcjsbc;(((gvpmml,bntjex),(!wngxia)),(tonomw,mwtmgw)))|((!(!khfeeb));(!((fgfswk,(!fzbzqz)),uamqhl))))",c-inference,z3,rc2
3174,4.0,False,0.0,60.0,0.5,False,False,randomTest_100_120_36,,"((oxhvxm;((!tatfzb);((dmcufv;(!xtsrmr)),(!vkhxde))))|zotbyl)",c-inference,z3,rc2
3032,1.0,False,7975.7,59.2,1057.7,False,False,randomTest_100_120_14,,(((gqfqvj;(!gppgic));(xhcsme;ujdcvg))|itsjqg),c-inference,z3,rc2
3147,10.0,False,0.0,57.9,0.5,False,False,randomTest_100_120_30,,"(axlbfy|((!uvaerg),(!(cnphjv;(!fhbgjo)))))",c-inference,z3,rc2
3179,9.0,False,0.0,57.6,0.5,False,False,randomTest_100_120_36,,"(ijyril|((!(btvmvf;(bwqemk,dsiaen)));(hsznjq;geixhn)))",c-inference,z3,rc2
3175,5.0,False,0.0,57.5,0.6,False,False,randomTest_100_120_36,,"(((!ffxzcc);filslu)|((akpnck;nqnvbm),dfnmwd))",c-inference,z3,rc2
3376,4.0,True,0.0,57.4,0.4,False,False,randomTest_100_120_76,,"((oicmcw;lcmqkk)|((npvjyf,(!vuuxty));upngql))",c-inference,z3,rc2
3373,1.0,False,12427.8,57.1,1065.2,False,False,randomTest_100_120_76,,"((((!(!(oexhjk,(zhxnix;sclodg))));(!(!ckdfpo))),((!(!owoddd)),((!xzyddg),plrcfx)))|slygdw)",c-inference,z3,rc2
3230,8.0,False,0.0,57.1,0.6,False,False,randomTest_100_120_52,,((crrqzt;(zjrrla;(rkgesf;ptdlyl)))|(iaprvm;dortev)),c-inference,z3,rc2
3146,9.0,False,0.0,56.4,0.5,False,False,randomTest_100_120_30,,(ngedlu|(yeebkw;(hwgzvw;vdusnl))),c-inference,z3,rc2
3285,9.0,False,0.0,56.4,0.4,False,False,randomTest_100_120_61,,"(byjros|((!(pbpzis,zeohde)),((injkzi;(!dzibrq)),(dnyofb,mhiexv))))",c-inference,z3,rc2
3176,6.0,False,0.0,56.4,0.6,False,False,randomTest_100_120_36,,"((izqwdt,emzqxn)|((!(qeqkja;(!fkcxql))),(kzmlus;rxirgo)))",c-inference,z3,rc2
3308,2.0,True,0.0,56.3,0.6,False,False,randomTest_100_120_64,,"(((!koqurk);xqkuil)|(((!aepuud),(!(qmzwju;(naufxe;rzbuuu))));(!uailsg)))",c-inference,z3,rc2
3180,10.0,False,0.0,56.2,0.6,False,False,randomTest_100_120_36,,"(lsiuhq|(((vldrky,(!qeqkja));((rjnmth;emzqxn);vnhefu));(!zotbyl)))",c-inference,z3,rc2
3231,9.0,False,0.0,56.1,0.7,False,False,randomTest_100_120_52,,"(((!(ldjebm;gopthh)),(klkvwo,(!ugtuxv)))|((!((!ebpsaf),(!(((!skvuau);sygjoy),gcurfk))));(!(!pyuceg))))",c-inference,z3,rc2
3145,8.0,False,0.0,56.0,0.5,False,False,randomTest_100_120_30,,"((uxbnva,hincqq)|(((!(!kcdlqj)),(doikuo;tlvsgd)),qknoiz))",c-inference,z3,rc2
2988,10.0,False,0.0,55.8,0.6,False,False,randomTest_100_120_6,,"(rzcdbl|(((((!(vofjvi;gizzex)),(!(dhxgej;(!cubvms))));fvcgmo),(!(vowpko;qndnzi))),(!(!qajrkr))))",c-inference,z3,rc2
3390,8.0,False,0.0,55.5,0.7,False,False,randomTest_100_120_77,,"(((qbxtmp;(!(nlpobg;xnpqkw)));(!zkolvx))|((zqhrbl;iqwhrg),(mfchkz,(!ptfqbe))))",c-inference,z3,rc2
3079,6.0,True,0.0,55.5,0.6,False,False,randomTest_100_120_20,,"(((!kgmoba);(iawors;(!exrgtd)))|(((!xtfkdq);xpjwbo),(pqzavc;htpoby)))",c-inference,z3,rc2
3470,3.0,True,0.0,55.4,0.4,False,False,randomTest_100_120_90,,"((pmwhup;jgjagd)|(((qagapl;wpjdlc);((!duuaau),(((!klfzuu),rbqksv);(ommgjo,olvbij)))),mnlyfz))",c-inference,z3,rc2
3475,8.0,True,0.0,54.5,0.6,False,False,randomTest_100_120_90,,"(((!tuheby);((!(zkzsbg,(!(!(plztbe;zmvlpc)))));(!(sfxmvt;ltklfg))))|(tmjriw,(jgjagd,rwzsxp)))",c-inference,z3,rc2
3389,7.0,False,0.0,54.1,0.7,False,False,randomTest_100_120_77,,"(((qbxtmp,(!(wbjxbi,wystor))),(!(ibaqao,esodup)))|((!(evfaup,(wvxpin;fmvzlt))),((!iqwhrg);hkqfqj)))",c-inference,z3,rc2
3392,10.0,False,0.0,53.9,0.7,False,False,randomTest_100_120_77,,"(((!hnzmuu),(cqgaht;qwsfcy))|ibaqao)",c-inference,z3,rc2
3224,2.0,False,0.0,53.9,0.6,False,False,randomTest_100_120_52,,"((pyuceg,(!psdwnc))|((shckin;(ldjebm,(!ptugzv)));dortev))",c-inference,z3,rc2
2979,1.0,False,2033.2,53.6,707.2,False,False,randomTest_100_120_6,,"(((!(bmmhkg;(!vjmmxx))),(!bsiusv))|(dzhfft;zuufjp))",c-inference,z3,rc2
3358,6.0,False,0.0,53.5,0.7,False,False,randomTest_100_120_74,,"(((!(sttmqu,lckfmt)),((!(pywcdd,xxysbv));(!rdikzo)))|(lkminp;dhxhal))",c-inference,z3,rc2
3232,10.0,False,0.0,53.4,0.6,False,False,randomTest_100_120_52,,(sygjoy|(zonimj;(nsyjuz;eumyvd))),c-inference,z3,rc2
3070,9.0,False,0.0,53.3,0.5,False,False,randomTest_100_120_17,,"(vwpzqh|((!(nxjjrm,(!(!(!xicswd))))),(cnhphn;wdzlkj)))",c-inference,z3,rc2
3271,5.0,False,0.0,53.1,0.5,False,False,randomTest_100_120_60,,"((ajgbqt;(!lnouzo))|((pkfnfy,tqrnnp),(!hbdfxd)))",c-inference,z3,rc2
3081,8.0,False,0.0,53.1,0.7,False,False,randomTest_100_120_20,,"(((!(!oqknfn));(!((fblxtu,((!nzvefe);(ctrkgu,joacpd)));(gqzphr,(!qvhdzf)))))|odsbya)",c-inference,z3,rc2
3391,9.0,False,0.0,52.9,0.7,False,False,randomTest_100_120_77,,"((((!xmyyhc),hnzmuu);prbgso)|(fdqiqm,((!(!qkooxp));(pglnji,talslt))))",c-inference,z3,rc2
3526,9.0,False,0.0,52.7,0.5,False,False,randomTest_100_120_95,,"(iqduat|(szbuyt,(rgoabd;dhokfb)))",c-inference,z3,rc2
3225,3.0,False,0.0,52.6,0.6,False,False,randomTest_100_120_52,,"(gpzkqd|(((ssszdj;(!ooqoyx)),(!qtsnae));(!(!iqgrwg))))",c-inference,z3,rc2
3161,3.0,False,0.0,52.3,0.5,False,False,randomTest_100_120_33,,"((fcdgjl,pqhwmf)|(((!bamqnk),masjkk),(!zdczyx)))",c-inference,z3,rc2
3525,8.0,False,0.0,52.2,0.5,False,False,randomTest_100_120_95,,(wyamma|((!(gajumc;mjqycd));(!(!ojaqfj)))),c-inference,z3,rc2
